cell_type,colors,germlayer,germ_colors,compartment,broad_compartment
Undiff_Epi,#000000,Epiblast,#000000,Embryo,Embryonic
Posterior_Epi,#716c65,Epiblast,#000000,Embryo,Embryonic
Caudal_Epi,#380028,Epiblast,#000000,Embryo,Embryonic
Anterior_Epi,#002402,Epiblast,#000000,Embryo,Embryonic
Proximal_Epi,#3a4a3a,Epiblast,#000000,Embryo,Embryonic
Early_PS,#666775,PrimitiveStreak,gray,Embryo,Embryonic
Late_PS,#706370,PrimitiveStreak,gray,Embryo,Embryonic
PGC,#fa0000,GermCell,#DB083D,Embryo,Embryonic
DefEndo,#b5b581,Endoderm,#f5f200,Embryo,Embryonic
Pharyngeal_endo,#626300,Endoderm,#f5f200,Embryo,Embryonic
Foregut,#85870b,Endoderm,#f5f200,Embryo,Embryonic
Midgut,#b3b528,Endoderm,#f5f200,Embryo,Embryonic
Hindgut,#e3e64c,Endoderm,#f5f200,Embryo,Embryonic
ExVE,#e3c18a,XEndoderm,#f7a800,XEndoderm,Extra-embryonic
AVE,#fce3bb,XEndoderm,#f7a800,XEndoderm,Extra-embryonic
PVE,#fcd58b,XEndoderm,#f7a800,XEndoderm,Extra-embryonic
PE&PYS_endo,#f06800,XEndoderm,#f7a800,XEndoderm,Extra-embryonic
VYS_endo,#fcb23a,XEndoderm,#f7a800,XEndoderm,Extra-embryonic
Hemogenic_Angioblasts,#e0b9a8,Blood&Vas,#98704b,Embryo,Embryonic
BloodVessel_Endothelium,#ab8f79,Blood&Vas,#98704b,Embryo,Embryonic
EryP_Progenitor,#ad6f1f,Blood&Vas,#98704b,Embryo,Embryonic
EryP,#b88646,Blood&Vas,#98704b,Embryo,Embryonic
EryD,#9e512f,Blood&Vas,#98704b,Embryo,Embryonic
EMP,#4a1803,Blood&Vas,#98704b,Embryo,Embryonic
Allantois_meso,#80b9c4,XMesoderm,#00c4ed,XMesoderm,Extra-embryonic
Amnion_meso,#58d5ed,XMesoderm,#00c4ed,XMesoderm,Extra-embryonic
VYS_cardiac_meso,#a4dbd6,XMesoderm,#00c4ed,XMesoderm,Extra-embryonic
VYS_meso,#aef0f5,XMesoderm,#00c4ed,XMesoderm,Extra-embryonic
Node,#0000fc,AxialMesoderm,#0000fc,Embryo,Embryonic
Caudal_Node,#01068f,AxialMesoderm,#0000fc,Embryo,Embryonic
Notochord,#8986f7,AxialMesoderm,#0000fc,Embryo,Embryonic
Organizer,#6762f5,AxialMesoderm,#0000fc,Embryo,Embryonic
Early_Nascent_meso,#ffdbfa,Mesoderm,#910299,Embryo,Embryonic
Late_Nascent_meso,#f4c6f5,Mesoderm,#910299,Embryo,Embryonic
Head_meso,#dbb8d6,Mesoderm,#910299,Embryo,Embryonic
Pharyngeal_meso,#a3879f,Mesoderm,#910299,Embryo,Embryonic
Primary_HeartField,#ef72f2,Mesoderm,#910299,Embryo,Embryonic
Secondary_HeartField,#a8029d,Mesoderm,#910299,Embryo,Embryonic
Epicardium,#6d0da8,Mesoderm,#910299,Embryo,Embryonic
Myocardium,#c661c9,Mesoderm,#910299,Embryo,Embryonic
Intermediate_meso,#fc74c8,Mesoderm,#910299,Embryo,Embryonic
IM_Pronephros,#ba3f8b,Mesoderm,#910299,Embryo,Embryonic
LPM_Splanchnic,#720e75,Mesoderm,#910299,Embryo,Embryonic
LPM_Somatic,#700246,Mesoderm,#910299,Embryo,Embryonic
LPM_limb,#ff039e,Mesoderm,#910299,Embryo,Embryonic
Tailbud_PSM,#6c00c4,Mesoderm,#910299,Embryo,Embryonic
Somite,#3e0070,Mesoderm,#910299,Embryo,Embryonic
ExE,#ed5151,XEctoderm,#fcb7b7,XEctoderm,Extra-embryonic
EPC,#6e404a,XEctoderm,#fcb7b7,XEctoderm,Extra-embryonic
P_TGC,#ba4a4a,XEctoderm,#fcb7b7,XEctoderm,Extra-embryonic
Junctional_GlyT,#854040,XEctoderm,#fcb7b7,XEctoderm,Extra-embryonic
Junctional_SpT,#802222,XEctoderm,#fcb7b7,XEctoderm,Extra-embryonic
Junctional_TGC,#ad8080,XEctoderm,#fcb7b7,XEctoderm,Extra-embryonic
Labyrinth_SynT,#b53654,XEctoderm,#fcb7b7,XEctoderm,Extra-embryonic
Chorion_ecto,#66002b,XEctoderm,#fcb7b7,XEctoderm,Extra-embryonic
NMP,#74997f,NeuralEctoderm,#008c2a,Embryo,Embryonic
NeuralEpithelium,#7bd195,NeuralEctoderm,#008c2a,Embryo,Embryonic
Hindbrain,#559e6b,NeuralEctoderm,#008c2a,Embryo,Embryonic
Midbrain,#38b05c,NeuralEctoderm,#008c2a,Embryo,Embryonic
Forebrain,#06912f,NeuralEctoderm,#008c2a,Embryo,Embryonic
Floor&Basal_Plate,#045e1e,NeuralEctoderm,#008c2a,Embryo,Embryonic
Neuron,#0fd448,NeuralEctoderm,#008c2a,Embryo,Embryonic
Neural_Crest,#23f760,NeuralEctoderm,#008c2a,Embryo,Embryonic
Surface_ecto,#334513,NonNeuralEctoderm,#334513,Embryo,Embryonic
PrePlacodal_region,#53704a,NonNeuralEctoderm,#334513,Embryo,Embryonic
Posterior_Placode,#5b752f,NonNeuralEctoderm,#334513,Embryo,Embryonic
Anterior_Placode,#6f8a67,NonNeuralEctoderm,#334513,Embryo,Embryonic
Amnion_ecto,#6db596,NonNeuralEctoderm,#334513,Embryo,Embryonic
